old-resource,status,resource,notes
008a137eeef4d5e929eef22f5fb214fd7746b22faddb20caa452b72be00b9a5d,410,,
011906a06cc85af059a39f0aa670657662f2900711e7ff9ae8063ef111f5d8bb,410,,
0176c8777a5e4e07323f60f1cc72c502a8fb91efbed58e8fbad50210c0d88cf3,410,,
029d17af1b1d931dc6478dd0c52955225f1dc69feb60430fef8e20b84b297541,410,,
02d7c741d38057bb8ac768a7ab405d54da3432edc520e906dbfd5293f75e8ddd,410,,
05e91d3656248f0a8f66dca2c55df14f4e12cc92a4a073937924d597f32ca4c1,410,,
0733f3ccb07617a78438d9db9004cb2dfac70a5dc40bc39ed89945df462d05a4,410,,
0a030f16ffcee8146ed09a2851bae7bfa2e8e31b97dd126364e8093dbd005ba3,410,,
0a9dbd57b0e4141c5ef1f98f401e4782854a09e7ec31d9203e1c79e15103b034,410,,
0ce9a37faed69c76cf766d16ecf2a7e2210f46af2c83ca6a4e5106d6ac8a27ca,410,,
0e0d9dc983ec10be2377263b19d227ae2e605a95b66f04de3a072fa1644f14bb,410,,
10028221aed73285dbf46da44554166a3aa2fe0a58526a93e56ee2b70f25d880,410,,
1136a4f0f29d654a5c14e6ddc549bfcbb0965813da14046ccf3f0ff544c98ecc,410,,
1142ca901ed2add936f604c0bc45aa5cbc0d0221bc2daa4723401cc7446f7170,410,,
117615e10bfd715e443b5398f4a49aca5866039b499b769e8a7c008ebf5f4885,410,,
13acbc34fe5147e697ee69762c15343bf022769052ebba91767e3d4398b02a00,410,,
14e6e9cff08b55911572c61c1851b1c82bab5877efd637c15ed92e1dff32b1a8,410,,
162e5e9a8cf5a37214047501d26142308cbf8225467a78f1a6d00a7e0a9e9fee,410,,
202bcdda40dd2db4eaa37a27f88cbc72678c1f8d8a40c8fdc2d2bdd3b4426ee1,410,,
20362bad19cd190cc5aabbce619387eaa188ff0230b0301eb179afb76452c630,410,,
222c181b70c98e672d75f0bc8e710b208af4046591eaa94a65354ad39f68e69a,410,,
2350e4a8d97ca06ed559bfab3785736beac06573d1ad2fe58d7e7f45d5b83ec7,410,,
23bab086f9dd911af9fccdbc6ffe84238d569e8bbbb7d14628e1f5f630932722,410,,
259645048aa7468a5ff38e2171735e048de64664c9d8213c77b306c4485c4476,410,,
25a93b58e8943f5b1316860bf204bf9903dc586e9ece42f97834c4ba272ff025,410,,
261a2cc0d9f4dd92764011ed1b552e57f3db793d2562d0d5b7712457358682bc,410,,
27cccc5fc63a210d30fe505991aa720b3f5f63a49b924b969e88384b40417014,410,,
299595b6346bc181a0c40e42ccc831ae93f5bc6f2ee2e2a9ec79332eda2a3989,410,,
2e09c115493a4d34b9034037c0eaa7bb215a1c3e1d74eb844dc1d71b40f88f53,410,,
30229b249b91266138be4df575b9f4b3293c590b415a34820b3088f8a14e7856,410,,
30574129a0255af08cee24d1ed958b203a65f34be1310a25e0c8de3ce19e57b5,410,,
309874397d459bf76b6f8edb80bc9dc463e4e6979af564bd5459d181bb68f63c,410,,
33cbca33324d72355cc3cb8a20b15e91223501c166fcb9fa512444b827071560,410,,
348fddb9f1ea53ea32e171926c75923d95e11a6d966ac99f07be7abce4ca49b0,410,,
36a11070f00e75693d2f1a75af375c27a773711e09538567aa6e967e6824be23,410,,
38415dedbb071dbf476aa968dbda65460a61afad094f4b924de241ab35927d0c,410,,
39c82e1042a0f74779465b5c30d47faa39ac05e01710726dea75115a427f2069,410,,
3a7f32779dd26aaa406593fcb5ba892ad5263814cc50746a987d8c84e6c074fd,410,,
3a96dd178c8f0375d2a49193a54cd0e5319fb95edfa52b03b2cf106f38cfe875,410,,
3c00391365eaafc427a95475c8c03b6dd7c3097048c4aa699b42af9ce3386c6a,410,,
3e430f582378cdc94c03dc2b4f76feb53a1bc74fc95e2f998722d557b42978d3,410,,
40d73ccfee986433877bd1b875cfa6f4e6078019035e1f9387fb7cd00f30d12d,410,,
431183cb5862d1e595e037a3c53f505380fbbb3cb902d81bf0b448caa6d1b160,410,,
43be164ded01eab75bb3e55809515bac5888d879f5013545cedd161fda5d7a56,410,,
44e8ffbd2718dbd7289b1612dcf9f5ab05a36a4572b563ff2476d88b4dfd8881,410,,
460b10711dff7390ac956afcaf33aff35faae71407f5c288f0410908c1e2a45f,410,,
46a8c4bf3d8cd174bfb1dbc6347eef760b0f40829bee88d61a43191ec9e83126,410,,
48adfde95caffdbd4a4b28b2f0e117d240f9c49495f81afa49a479561cc4f6b0,410,,
4c56844ae66b94eaeba69eade00c8a8839c8a835eaa26a15da4d7e259fc47f26,410,,
4c921d7d1b2b1e0c800747b5c6947caa06442ba30af22aaa5001910b541f788a,410,,
595cbc663dac5a051983f6fbe3014874fd8f8e86bd9b685b8df7179e5096877c,410,,
5a1270e8319dbf2ebda95b40d67f7df1892f7a3029ac45032d01a5331ea7380a,410,,
5b0b4465bb56beb1dd4d29f1180d933636288ede9726a964233b54f31401414a,410,,
5bfbfc4795ea0963e135d4f3f83813b5c78f8a07f7ed080ab13ff825089b2d76,410,,
5cac89e8e66aaf097ec35730bf664601f301238edcb817451d95ddbbf9c5e155,410,,
5cc5e764bbd9722d10b2b4c64ca39d19c860fa4bdea6bf3f49cfd97d10dbd007,410,,
5cddd15aec4cced90568d2190e69f82309739ddacdd86b22e196be8b13082145,410,,
5d0149a134e72b8930ca72483aa816d9f94a3c4d653711d957432df582cb69ea,410,,
5e81eda46a2189ff16504b2db20fbf3cc1fcc3a26db7a0402353ec6969cd09c5,410,,
5eb5b1c7b90540158fdf9ab3b56c5fcc75a9bbf37b0116e90df36634c7926a70,410,,
5ffff80bf91536ebc9ad1168c116f0395506b9745866c6dcc83302993dadbeee,410,,
62a48f8aecad7aa047d7877808640547d07cd449c477067f19202f911da775e7,410,,
64b9c7aac44782daac6f47c2f0467bb6545eeee9449f504ea008e6b77b43c06a,410,,
6bb4de21d76c4b5ee3620fbe886fe9fa9bb19158bc1d605b41c669e8a690d853,410,,
6bf9ea0ccba3caaed8b147896eca58f6ade261a7e7b9ab7e9febfce68686c0e6,410,,
6c9b206a5acb0711416abf6e819203a06714b61bdae12020893c257ebc480473,410,,
6ca9bc71f18e5ff82a31f543277a86058b537e1e4537e3d4f5778e2e90aace46,410,,
6eb1b5a6fe9d2fe8e0ccdc4510777f918d724b55cb8aad4d7cf8e0129587cfab,410,,
6ec87a9883de32ae9812a28820708fa93b5226692ab0c23fb7b97386356d28a4,410,,
6f21bd55a17d4a706b4e594685c0091917bfa01c0f22d49d485aba89a8f1b985,410,,
6f248a8282717abb56e5a85c10cad89ef7b67f7b86e338a80fc46eecc5515383,410,,
7286d39e772df1ed86964fbfab325d638ce5d6c55b659769ef41617e7213e7c8,410,,
7565b59ce80f23598f5fc777df3b7977517dc44ad3a26f44c53ebb97ffe289a4,410,,
75b1c711221f4df76c05c17c98bbc953a4dbb8797845b368a122847fcd0becd9,410,,
781a3de182e491e03012ceade62bfdc18437a1079d6374f995ede153f2516594,410,,
7e67709eeff3f6559f87bdab1c17b5766169f246547ce10c96b58fcc3fcb633e,410,,
7f4222a943af0ae8a8e3a961d52435b5b4fcc4444c98f29eba86a6b780e8cc07,410,,
8078fea3d147aecb65af8bd2df28a75fa5199318ada3bf17c53ee00a9e081a39,410,,
821f8e9b1f71aa3f8aa1b9846e68cf2d6c4bc3432b9b78ceb6daccfc92fc47e7,410,,
8221f8e9ce3c84987274ad397dab2a124b9747c4a16125ff7fd465342f38d728,410,,
863cecba5cf28def69908899bf1308dca76c1d12d873f0e8a0a9b3f8985e16ca,410,,
87a8fe7e384c5da85fd9877d6fe8589638a905ec6ba751aa2755a95e33fc41ae,410,,
87c76403a6526c428f0eaab6927f293098d8c390fce56e2e01111f2e4ffaf91a,410,,
899d2329b3f7938e89c65083132e858684bf46b80f80edf32ee621d1bfabc342,410,,
8d808ef4909d0af86f31dfa97d1a4246fccfbce858f159d10729de2f513c734e,410,,
92d76908bd216e3aeed99b3d8c7b67c0d40fdd46a64ca67b7152b86c5cdf70b7,410,,
92e7a2872d60cbe1eb9693d396e4fd5ab1e9577e8346519362853d0a3285604d,410,,
9393fef6164dd1e5b3a180940f2b1e29b2677a63e2fa60a7f45b1689b40a22d1,410,,
942d2abe7904c9446b41ff1c6133cc069fc8a1f755f04cc993693a9113873fc9,410,,
9838a7225e598e1d8542a7c502cd0e467970da0be3e6f00b9e35026ab4a76646,410,,
9915d378281df79e57463e91b7c82f6990f5c19a0fa03e5847feeb9654ff766e,410,,
9b78e74437b9431f7e3682518161e436f61d0ead3591689ce5882566b5e34729,410,,
9ec0b03c4cf15a69b9e0605d9ce3a93f02c267e4375c0322757abf31777916ba,410,,
9fad4cccde3e30d474ca71465c8bd1878321982c66524595e660dd36c2db875b,410,,
a01e7bae2c8bb3ba68615735e306d5a83567e07e71efabb0f92193e09b693db2,410,,
a1575f521c6bf4e07c7251d542902a3ddcf0bfe54e5be6c253772bbfcce694d4,410,,
a1dd369b6b73e833da98060f8b180d27927a4cad83d07d9734d207994b264844,410,,
a2882d4a24ebac0d7b3a7e2f546dd9c800263ed94c2671595cc912118d00927d,410,,
a2d4c50f55e074ef1d9b5f3a880e6b6eb2a0b2e99948cf11d40f3cb013ed6a25,410,,
a4200e2573846fccc2dde505bd2631dcbfcb55b23af633dbbc1ddfee7f3432e4,410,,
a46510b4ab3e7f064fbfa54da77ab764c9f040e59dbcb560833c7b95aea5f13d,410,,
a872fa9cb5ef1e1cec403b82e919816bb6aaf62e039935ceb3aedf43a150c6e5,410,,
a91b0cc1cfbcb136d7a7b20484df58c88631e83a5ff38aad64ff7132a8d50951,410,,
ab58a0f4d29a073366804fc00d18365e26f4d525f0ab3acefac2974a8f84767e,410,,
acba3f04c6df9b58a2183d7d61d12d81b2bce0adbd8f9b1ae58d57446efb48f5,410,,
ad308d247dce2b544e229ad93effeb5379a739eca4ac1c3a4ffe47bbade35865,410,,
add81d4ca44f7c3619353c26b749be6dd8b4304ac3d08e2d2eb1ee26f8534105,410,,
b55eaa015f82e979bd3c10b8b5d3e75f23014192a30fb036b5dd1cbb0db43c4f,410,,
b6d4cf6b3f68a41d170d651be6dbce679ff0dbd4cb1d97da57d567c0620914d5,410,,
b7a1effead75d38d8cdd351ac2da8135fd430003181741850db74e5ff0309afb,410,,
ba82d2643b590c236b6d999fb540d8f49f158767ca0f3305e41a432ae0d1822c,410,,
bbe9e2ff93f424cc642bf45ebb9124789a77c251e74bad2a88f8f79465160035,410,,
be41bd00be34f192f6680a8c6a6544e00e21ac9f3792d2ee434d88a9ff4ff7ec,410,,
be4d7291fd184e640466c08c5d88953f8c19c29b1b38cc97bc7b71feadcef8fc,410,,
be88defbc9f8de447031a7b0cc34e7a5e3c4ffbdbb521290bb042afb3307b907,410,,
bfad96c92ca91ffa3b831a4fc8d81257bf69c616d389be85ef6d3307de882036,410,,
c054e171c65746f30a5c043eb3c8f8dc7171bad5785f5f811b8d3ab2ebaed71b,410,,
c346b00c7dbd544e366a824442a45726511a54385a670002dcd6c03ec74a1272,410,,
c6b504cfb0056b167dff19a4afbfb9175fb94e027ab0ec31bb00bf50304ffc9b,410,,
c6e2c6fba4b154ef798054308006d436a58ca058df1fd49186b55c7c63c99b71,410,,
c78831f9c4a1dde62df5bf5a23f8539606777b4262daea4f0dfa12440fc1a866,410,,
cade88d5e2bd22a42a5418f3f11ea16f680aa7e2c87b08ba7dee9b63af27d8b8,410,,
cbdd7b577cc626222d5cfb350b39265124a8cb61219a1e61bfb0d0ae049dece3,410,,
ce11e37e302fe42a46eded6a09929fa349793e1c31822dbc53b5d22a559606dc,410,,
d2601607aea1474a35a33ff2e722ad897f50791e8dfd0e005bde0d21b3df056c,410,,
d3360e19141660bc257f0ea0a6f50bee9896c5dfe75a566db05c9ca7274fd799,410,,
d3449ee3eae391807c01ffbf861832d07e8af0cc3553f464a35384a97d116c8f,410,,
d3b1acee8792dd5e392676ed3099c4b30a6a3716e29fa46ed2847ef651e7a13c,410,,
d65eaacb54005d35a5b8e4c04c987ef70e3000d3ab4bb2ca43033171643ebfe1,410,,
d6b2d79a8f37235c28fdc02347d64a8859a6ce39be7cfb2258647b7b098faa9f,410,,
d6e48883216d05e06fd630d579a281a3ca721c75b230eeabb1b439cf217455f0,410,,
d9767036586fe2f78f4ce66bb9987ac3fc24122e659b85383974927e527d4b75,410,,
da119859e81b4f346d789a4549e04e65b4c99b9ad04d1965731060fd8814f38e,410,,
da7489d1102ec994a172e45524aa13e86d7a63b3b318a903875de690ac6323c1,410,,
dd3254a174b7e2eaf1a8a4d973a73a950436425b7eb46d1dc4dfc19313e53654,410,,
dd95243aa5e50fb09959bcae59a62a4ad8f52c628726dd52f3fe4c2fcc4661ed,410,,
e04ef6c85f506b287b8dbd13afb6eb5e9a74328f942fa456985b87591026d300,410,,
e0f548665b0c9ea9fd8830a1549b44c579f5887a9c1b4610b91a918808fa74ee,410,,
e3ca931cc57e7fe53d91e3987f7687de308090abbaff18f832a6d1452a60f269,410,,
e475a6f34eda2931f4097b711f4eb79fe96f2d6feb9340e21158df32d2c77215,410,,
e4f8166574c918638a7a232e903f46159c8fe8a3de847f979744e97a8c689d0a,410,,
e6cfd78d7e5e0dfbddfdb6e15331a1a4a991b448e347933860f0acecfe774463,410,,
ea58a083a50cd6b8cc65afbf4bcf8a44e65a7dbaec7bb13709c9c5c1c10d7b2f,410,,
ec468e0c2822904a11b2ba7cbe1817799b9529a55069183473b7db5e3bfba49a,410,,
f0a62ad0772e93e62d8f49d362bc1d52135684916a485e895638fc525cb957ef,410,,
f17892420dd145204f9b06b845f64b7cf772e6be0075ae312cebd670936c04ca,410,,
f244a63047aec4d6c643d79a5c3891f6e1b61e67857329411ec201bd0c398c82,410,,
f33bba71ca8c7a788456c1edb938dc3380654f15a03a6eee5c4df169f1af8f32,410,,
f413e2b7093f0bcfef4e430be82c36ed7ef44dff2f8e0c86e35dd0cb5ddbbb47,410,,
f586fa8733d11bcaebb9ffe4788fd9a62884f129db034c4de10dbc232a6e3598,410,,
f85f0914409ee801f066e23557a65e57168680c3b11a19e97d1b9daf53b48b6f,410,,
f8e1ff46df4ab5dc3d2f6c8bb1e76da4b90031d1ba68c68a0bf34e6a89d1650e,410,,
fac4f00401e7f56d257363d94b88c5cd03435b880804cd2462f843d220c4e76f,410,,
ff63e801a36c10a4e9f2d89a5ff7e7f9d5b124dd02e9d7cf5e5c500305834559,410,,
ffa3a1f5fe6b1ee6379b910f8276528576a8b4e57779b7210fb063c9584674af,410,,
